{
    "regresion": {
        "mse": 18.089574993693358,
        "r2": 0.11779891276497811,
        "coefficients": {
            "age": -0.25873872183891944,
            "Medu": 0.6273269044160164,
            "Fedu": -0.20794708510609672,
            "traveltime": -0.34627777636817153,
            "studytime": 0.49763248739647,
            "failures": -1.9411836209976925,
            "famrel": 0.37496616525373017,
            "freetime": 0.2509734821629144,
            "goout": -0.47974795369820133,
            "Dalc": -0.05221073524394387,
            "Walc": 0.24648944000682999,
            "health": -0.15734112392338734,
            "absences": 0.036720266147385404
        }
    },
    "clustering": {
        "studytime": {
            "0": 2.203921568627451,
            "1": 1.7592592592592593,
            "2": 1.625
        },
        "failures": {
            "0": 0.12941176470588237,
            "1": 0.17592592592592593,
            "2": 2.5
        },
        "freetime": {
            "0": 3.0509803921568626,
            "1": 3.5925925925925926,
            "2": 3.5
        },
        "goout": {
            "0": 2.7490196078431373,
            "1": 3.8425925925925926,
            "2": 3.5
        },
        "Dalc": {
            "0": 1.0705882352941176,
            "1": 2.3518518518518516,
            "2": 1.8125
        },
        "Walc": {
            "0": 1.592156862745098,
            "1": 3.7777777777777777,
            "2": 2.84375
        },
        "G3": {
            "0": 10.901960784313726,
            "1": 10.648148148148149,
            "2": 5.75
        }
    }
}