{
    "regresion": {
        "mse": 4.503769153719581,
        "r2": 0.7803580213768332,
        "coefficients": {
            "age": -0.19801094864055532,
            "Medu": 0.09419389409743822,
            "Fedu": -0.18833815433656334,
            "traveltime": 0.13100922612513888,
            "studytime": -0.06604957943372118,
            "failures": -0.4162580489147705,
            "famrel": 0.33461205048679904,
            "freetime": 0.010623029407032537,
            "goout": 0.13763275035221753,
            "Dalc": -0.10501089426559097,
            "Walc": 0.06175641322359792,
            "health": 0.05907769619931431,
            "absences": 0.04486435341028735,
            "G1": 0.1607475392298201,
            "G2": 0.9775341874539355
        }
    },
    "clustering": {
        "studytime": {
            "0": 2.203921568627451,
            "1": 1.7592592592592593,
            "2": 1.625
        },
        "failures": {
            "0": 0.12941176470588237,
            "1": 0.17592592592592593,
            "2": 2.5
        },
        "freetime": {
            "0": 3.0509803921568626,
            "1": 3.5925925925925926,
            "2": 3.5
        },
        "goout": {
            "0": 2.7490196078431373,
            "1": 3.8425925925925926,
            "2": 3.5
        },
        "Dalc": {
            "0": 1.0705882352941176,
            "1": 2.3518518518518516,
            "2": 1.8125
        },
        "Walc": {
            "0": 1.592156862745098,
            "1": 3.7777777777777777,
            "2": 2.84375
        },
        "G3": {
            "0": 10.901960784313726,
            "1": 10.648148148148149,
            "2": 5.75
        }
    }
}